{
 "type": "fractal-studio-location",
 "version": 1,
 "name": "Elephant Valley",
 "mode": "escape",
 "plane": "mandelbrot",
 "center_re": 0.2925755,
 "center_im": -0.0149977,
 "span": 0.003,
 "max_iter": 300,
 "auto_iter": true,
 "julia_c_re": -0.7269,
 "julia_c_im": 0.1889,
 "color": {
  "density": 2.0,
  "offset": 0.0,
  "log_mode": false,
  "cycle_speed": 40.0
 },
 "palette": {
  "name": "Fire",
  "recipe": {
   "kind": "gradient",
   "stops": [
    [
     0.0,
     [
      0,
      0,
      0
     ]
    ],
    [
     0.2,
     [
      120,
      0,
      0
     ]
    ],
    [
     0.45,
     [
      255,
      80,
      0
     ]
    ],
    [
     0.7,
     [
      255,
      200,
      40
     ]
    ],
    [
     1.0,
     [
      255,
      255,
      220
     ]
    ]
   ]
  },
  "colors": [
   [
    0,
    0,
    0
   ],
   [
    0,
    0,
    0
   ],
   [
    2,
    0,
    0
   ],
   [
    5,
    0,
    0
   ],
   [
    7,
    0,
    0
   ],
   [
    9,
    0,
    0
   ],
   [
    12,
    0,
    0
   ],
   [
    14,
    0,
    0
   ],
   [
    17,
    0,
    0
   ],
   [
    19,
    0,
    0
   ],
   [
    21,
    0,
    0
   ],
   [
    24,
    0,
    0
   ],
   [
    26,
    0,
    0
   ],
   [
    28,
    0,
    0
   ],
   [
    31,
    0,
    0
   ],
   [
    33,
    0,
    0
   ],
   [
    35,
    0,
    0
   ],
   [
    38,
    0,
    0
   ],
   [
    40,
    0,
    0
   ],
   [
    43,
    0,
    0
   ],
   [
    45,
    0,
    0
   ],
   [
    47,
    0,
    0
   ],
   [
    50,
    0,
    0
   ],
   [
    52,
    0,
    0
   ],
   [
    54,
    0,
    0
   ],
   [
    57,
    0,
    0
   ],
   [
    59,
    0,
    0
   ],
   [
    61,
    0,
    0
   ],
   [
    64,
    0,
    0
   ],
   [
    66,
    0,
    0
   ],
   [
    69,
    0,
    0
   ],
   [
    71,
    0,
    0
   ],
   [
    73,
    0,
    0
   ],
   [
    76,
    0,
    0
   ],
   [
    78,
    0,
    0
   ],
   [
    80,
    0,
    0
   ],
   [
    83,
    0,
    0
   ],
   [
    85,
    0,
    0
   ],
   [
    87,
    0,
    0
   ],
   [
    90,
    0,
    0
   ],
   [
    92,
    0,
    0
   ],
   [
    94,
    0,
    0
   ],
   [
    97,
    0,
    0
   ],
   [
    99,
    0,
    0
   ],
   [
    102,
    0,
    0
   ],
   [
    104,
    0,
    0
   ],
   [
    106,
    0,
    0
   ],
   [
    109,
    0,
    0
   ],
   [
    111,
    0,
    0
   ],
   [
    113,
    0,
    0
   ],
   [
    116,
    0,
    0
   ],
   [
    118,
    0,
    0
   ],
   [
    120,
    0,
    0
   ],
   [
    123,
    2,
    0
   ],
   [
    125,
    3,
    0
   ],
   [
    127,
    4,
    0
   ],
   [
    129,
    5,
    0
   ],
   [
    131,
    7,
    0
   ],
   [
    133,
    8,
    0
   ],
   [
    135,
    9,
    0
   ],
   [
    137,
    10,
    0
   ],
   [
    140,
    12,
    0
   ],
   [
    142,
    13,
    0
   ],
   [
    144,
    14,
    0
   ],
   [
    146,
    15,
    0
   ],
   [
    148,
    17,
    0
   ],
   [
    150,
    18,
    0
   ],
   [
    152,
    19,
    0
   ],
   [
    154,
    20,
    0
   ],
   [
    157,
    22,
    0
   ],
   [
    159,
    23,
    0
   ],
   [
    161,
    24,
    0
   ],
   [
    163,
    25,
    0
   ],
   [
    165,
    27,
    0
   ],
   [
    167,
    28,
    0
   ],
   [
    169,
    29,
    0
   ],
   [
    171,
    30,
    0
   ],
   [
    174,
    32,
    0
   ],
   [
    176,
    33,
    0
   ],
   [
    178,
    34,
    0
   ],
   [
    180,
    36,
    0
   ],
   [
    182,
    37,
    0
   ],
   [
    184,
    38,
    0
   ],
   [
    186,
    39,
    0
   ],
   [
    188,
    41,
    0
   ],
   [
    191,
    42,
    0
   ],
   [
    193,
    43,
    0
   ],
   [
    195,
    44,
    0
   ],
   [
    197,
    46,
    0
   ],
   [
    199,
    47,
    0
   ],
   [
    201,
    48,
    0
   ],
   [
    203,
    49,
    0
   ],
   [
    205,
    51,
    0
   ],
   [
    208,
    52,
    0
   ],
   [
    210,
    53,
    0
   ],
   [
    212,
    54,
    0
   ],
   [
    214,
    56,
    0
   ],
   [
    216,
    57,
    0
   ],
   [
    218,
    58,
    0
   ],
   [
    220,
    59,
    0
   ],
   [
    222,
    61,
    0
   ],
   [
    225,
    62,
    0
   ],
   [
    227,
    63,
    0
   ],
   [
    229,
    65,
    0
   ],
   [
    231,
    66,
    0
   ],
   [
    233,
    67,
    0
   ],
   [
    235,
    68,
    0
   ],
   [
    237,
    70,
    0
   ],
   [
    239,
    71,
    0
   ],
   [
    242,
    72,
    0
   ],
   [
    244,
    73,
    0
   ],
   [
    246,
    75,
    0
   ],
   [
    248,
    76,
    0
   ],
   [
    250,
    77,
    0
   ],
   [
    252,
    78,
    0
   ],
   [
    254,
    80,
    0
   ],
   [
    255,
    81,
    0
   ],
   [
    255,
    83,
    1
   ],
   [
    255,
    85,
    2
   ],
   [
    255,
    87,
    2
   ],
   [
    255,
    89,
    3
   ],
   [
    255,
    91,
    4
   ],
   [
    255,
    93,
    4
   ],
   [
    255,
    95,
    5
   ],
   [
    255,
    96,
    5
   ],
   [
    255,
    98,
    6
   ],
   [
    255,
    100,
    7
   ],
   [
    255,
    102,
    7
   ],
   [
    255,
    104,
    8
   ],
   [
    255,
    106,
    9
   ],
   [
    255,
    108,
    9
   ],
   [
    255,
    110,
    10
   ],
   [
    255,
    112,
    11
   ],
   [
    255,
    113,
    11
   ],
   [
    255,
    115,
    12
   ],
   [
    255,
    117,
    12
   ],
   [
    255,
    119,
    13
   ],
   [
    255,
    121,
    14
   ],
   [
    255,
    123,
    14
   ],
   [
    255,
    125,
    15
   ],
   [
    255,
    127,
    16
   ],
   [
    255,
    129,
    16
   ],
   [
    255,
    130,
    17
   ],
   [
    255,
    132,
    17
   ],
   [
    255,
    134,
    18
   ],
   [
    255,
    136,
    19
   ],
   [
    255,
    138,
    19
   ],
   [
    255,
    140,
    20
   ],
   [
    255,
    142,
    21
   ],
   [
    255,
    144,
    21
   ],
   [
    255,
    146,
    22
   ],
   [
    255,
    147,
    22
   ],
   [
    255,
    149,
    23
   ],
   [
    255,
    151,
    24
   ],
   [
    255,
    153,
    24
   ],
   [
    255,
    155,
    25
   ],
   [
    255,
    157,
    26
   ],
   [
    255,
    159,
    26
   ],
   [
    255,
    161,
    27
   ],
   [
    255,
    163,
    28
   ],
   [
    255,
    164,
    28
   ],
   [
    255,
    166,
    29
   ],
   [
    255,
    168,
    29
   ],
   [
    255,
    170,
    30
   ],
   [
    255,
    172,
    31
   ],
   [
    255,
    174,
    31
   ],
   [
    255,
    176,
    32
   ],
   [
    255,
    178,
    33
   ],
   [
    255,
    180,
    33
   ],
   [
    255,
    181,
    34
   ],
   [
    255,
    183,
    34
   ],
   [
    255,
    185,
    35
   ],
   [
    255,
    187,
    36
   ],
   [
    255,
    189,
    36
   ],
   [
    255,
    191,
    37
   ],
   [
    255,
    193,
    38
   ],
   [
    255,
    195,
    38
   ],
   [
    255,
    197,
    39
   ],
   [
    255,
    198,
    39
   ],
   [
    255,
    200,
    40
   ],
   [
    255,
    201,
    43
   ],
   [
    255,
    202,
    45
   ],
   [
    255,
    202,
    48
   ],
   [
    255,
    203,
    50
   ],
   [
    255,
    204,
    52
   ],
   [
    255,
    204,
    55
   ],
   [
    255,
    205,
    57
   ],
   [
    255,
    206,
    59
   ],
   [
    255,
    207,
    62
   ],
   [
    255,
    207,
    64
   ],
   [
    255,
    208,
    66
   ],
   [
    255,
    209,
    69
   ],
   [
    255,
    210,
    71
   ],
   [
    255,
    210,
    74
   ],
   [
    255,
    211,
    76
   ],
   [
    255,
    212,
    78
   ],
   [
    255,
    212,
    81
   ],
   [
    255,
    213,
    83
   ],
   [
    255,
    214,
    85
   ],
   [
    255,
    215,
    88
   ],
   [
    255,
    215,
    90
   ],
   [
    255,
    216,
    92
   ],
   [
    255,
    217,
    95
   ],
   [
    255,
    217,
    97
   ],
   [
    255,
    218,
    100
   ],
   [
    255,
    219,
    102
   ],
   [
    255,
    220,
    104
   ],
   [
    255,
    220,
    107
   ],
   [
    255,
    221,
    109
   ],
   [
    255,
    222,
